dataset name,sample id,dimension,score
evaluating_information_essentiality_task,0,Causal Reasoning,0
evaluating_information_essentiality_task,0,Cognitive Flexibility,1
evaluating_information_essentiality_task,0,Emotion Perception and Empathy,0
evaluating_information_essentiality_task,0,Episodic Memory,0
evaluating_information_essentiality_task,0,Functional Perception,1
evaluating_information_essentiality_task,0,Inhibitory Control,1
evaluating_information_essentiality_task,0,Language,1
evaluating_information_essentiality_task,0,Mental Simulation,1
evaluating_information_essentiality_task,0,Metacognition,2
evaluating_information_essentiality_task,0,Object Permanence,0
evaluating_information_essentiality_task,0,Perception and Pattern Recognition,1
evaluating_information_essentiality_task,0,Planning,0
evaluating_information_essentiality_task,0,Procedural Memory,0
evaluating_information_essentiality_task,0,Prospective Memory,0
evaluating_information_essentiality_task,0,Semantic Memory,2
evaluating_information_essentiality_task,0,Spatial Reasoning and Navigation,0
evaluating_information_essentiality_task,0,Theory of Mind,0
evaluating_information_essentiality_task,0,Working Memory,2
evaluating_information_essentiality_task,0,ambiguity,5
evaluating_information_essentiality_task,0,factuality,5
evaluating_information_essentiality_task,10,Causal Reasoning,2
evaluating_information_essentiality_task,10,Cognitive Flexibility,1
evaluating_information_essentiality_task,10,Emotion Perception and Empathy,0
evaluating_information_essentiality_task,10,Episodic Memory,0
evaluating_information_essentiality_task,10,Functional Perception,1
evaluating_information_essentiality_task,10,Inhibitory Control,2
evaluating_information_essentiality_task,10,Language,2
evaluating_information_essentiality_task,10,Mental Simulation,1
evaluating_information_essentiality_task,10,Metacognition,2
evaluating_information_essentiality_task,10,Object Permanence,0
evaluating_information_essentiality_task,10,Perception and Pattern Recognition,1
evaluating_information_essentiality_task,10,Planning,0
evaluating_information_essentiality_task,10,Procedural Memory,0
evaluating_information_essentiality_task,10,Prospective Memory,0
evaluating_information_essentiality_task,10,Semantic Memory,1
evaluating_information_essentiality_task,10,Spatial Reasoning and Navigation,0
evaluating_information_essentiality_task,10,Theory of Mind,0
evaluating_information_essentiality_task,10,Working Memory,2
evaluating_information_essentiality_task,10,ambiguity,5
evaluating_information_essentiality_task,10,factuality,1
evaluating_information_essentiality_task,11,Causal Reasoning,1
evaluating_information_essentiality_task,11,Cognitive Flexibility,2
evaluating_information_essentiality_task,11,Emotion Perception and Empathy,0
evaluating_information_essentiality_task,11,Episodic Memory,0
evaluating_information_essentiality_task,11,Functional Perception,1
evaluating_information_essentiality_task,11,Inhibitory Control,2
evaluating_information_essentiality_task,11,Language,1
evaluating_information_essentiality_task,11,Mental Simulation,2
evaluating_information_essentiality_task,11,Metacognition,2
evaluating_information_essentiality_task,11,Object Permanence,0
evaluating_information_essentiality_task,11,Perception and Pattern Recognition,2
evaluating_information_essentiality_task,11,Planning,1
evaluating_information_essentiality_task,11,Procedural Memory,0
evaluating_information_essentiality_task,11,Prospective Memory,0
evaluating_information_essentiality_task,11,Semantic Memory,2
evaluating_information_essentiality_task,11,Spatial Reasoning and Navigation,0
evaluating_information_essentiality_task,11,Theory of Mind,0
evaluating_information_essentiality_task,11,Working Memory,3
evaluating_information_essentiality_task,11,ambiguity,5
evaluating_information_essentiality_task,11,factuality,5
evaluating_information_essentiality_task,12,Causal Reasoning,1
evaluating_information_essentiality_task,12,Cognitive Flexibility,2
evaluating_information_essentiality_task,12,Emotion Perception and Empathy,0
evaluating_information_essentiality_task,12,Episodic Memory,0
evaluating_information_essentiality_task,12,Functional Perception,2
evaluating_information_essentiality_task,12,Inhibitory Control,3
evaluating_information_essentiality_task,12,Language,2
evaluating_information_essentiality_task,12,Mental Simulation,1
evaluating_information_essentiality_task,12,Metacognition,2
evaluating_information_essentiality_task,12,Object Permanence,0
evaluating_information_essentiality_task,12,Perception and Pattern Recognition,2
evaluating_information_essentiality_task,12,Planning,0
evaluating_information_essentiality_task,12,Procedural Memory,0
evaluating_information_essentiality_task,12,Prospective Memory,0
evaluating_information_essentiality_task,12,Semantic Memory,1
evaluating_information_essentiality_task,12,Spatial Reasoning and Navigation,0
evaluating_information_essentiality_task,12,Theory of Mind,1
evaluating_information_essentiality_task,12,Working Memory,2
evaluating_information_essentiality_task,12,ambiguity,5
evaluating_information_essentiality_task,12,factuality,5
evaluating_information_essentiality_task,13,Causal Reasoning,0
evaluating_information_essentiality_task,13,Cognitive Flexibility,1
evaluating_information_essentiality_task,13,Emotion Perception and Empathy,0
evaluating_information_essentiality_task,13,Episodic Memory,0
evaluating_information_essentiality_task,13,Functional Perception,1
evaluating_information_essentiality_task,13,Inhibitory Control,1
evaluating_information_essentiality_task,13,Language,2
evaluating_information_essentiality_task,13,Mental Simulation,0
evaluating_information_essentiality_task,13,Metacognition,2
evaluating_information_essentiality_task,13,Object Permanence,0
evaluating_information_essentiality_task,13,Perception and Pattern Recognition,1
evaluating_information_essentiality_task,13,Planning,1
evaluating_information_essentiality_task,13,Procedural Memory,0
evaluating_information_essentiality_task,13,Prospective Memory,2
evaluating_information_essentiality_task,13,Semantic Memory,1
evaluating_information_essentiality_task,13,Spatial Reasoning and Navigation,0
evaluating_information_essentiality_task,13,Theory of Mind,0
evaluating_information_essentiality_task,13,Working Memory,2
evaluating_information_essentiality_task,13,ambiguity,5
evaluating_information_essentiality_task,13,factuality,5
evaluating_information_essentiality_task,14,Causal Reasoning,1
evaluating_information_essentiality_task,14,Cognitive Flexibility,0
evaluating_information_essentiality_task,14,Emotion Perception and Empathy,0
evaluating_information_essentiality_task,14,Episodic Memory,0
evaluating_information_essentiality_task,14,Functional Perception,0
evaluating_information_essentiality_task,14,Inhibitory Control,2
evaluating_information_essentiality_task,14,Language,1
evaluating_information_essentiality_task,14,Mental Simulation,0
evaluating_information_essentiality_task,14,Metacognition,2
evaluating_information_essentiality_task,14,Object Permanence,0
evaluating_information_essentiality_task,14,Perception and Pattern Recognition,1
evaluating_information_essentiality_task,14,Planning,0
evaluating_information_essentiality_task,14,Procedural Memory,0
evaluating_information_essentiality_task,14,Prospective Memory,0
evaluating_information_essentiality_task,14,Semantic Memory,2
evaluating_information_essentiality_task,14,Spatial Reasoning and Navigation,0
evaluating_information_essentiality_task,14,Theory of Mind,0
evaluating_information_essentiality_task,14,Working Memory,2
evaluating_information_essentiality_task,14,ambiguity,4
evaluating_information_essentiality_task,14,factuality,5
evaluating_information_essentiality_task,15,Causal Reasoning,0
evaluating_information_essentiality_task,15,Cognitive Flexibility,2
evaluating_information_essentiality_task,15,Emotion Perception and Empathy,0
evaluating_information_essentiality_task,15,Episodic Memory,0
evaluating_information_essentiality_task,15,Functional Perception,0
evaluating_information_essentiality_task,15,Inhibitory Control,2
evaluating_information_essentiality_task,15,Language,1
evaluating_information_essentiality_task,15,Mental Simulation,0
evaluating_information_essentiality_task,15,Metacognition,2
evaluating_information_essentiality_task,15,Object Permanence,0
evaluating_information_essentiality_task,15,Perception and Pattern Recognition,0
evaluating_information_essentiality_task,15,Planning,0
evaluating_information_essentiality_task,15,Procedural Memory,0
evaluating_information_essentiality_task,15,Prospective Memory,0
evaluating_information_essentiality_task,15,Semantic Memory,2
evaluating_information_essentiality_task,15,Spatial Reasoning and Navigation,0
evaluating_information_essentiality_task,15,Theory of Mind,0
evaluating_information_essentiality_task,15,Working Memory,2
evaluating_information_essentiality_task,15,ambiguity,5
evaluating_information_essentiality_task,15,factuality,5
evaluating_information_essentiality_task,16,Causal Reasoning,0
evaluating_information_essentiality_task,16,Cognitive Flexibility,0
evaluating_information_essentiality_task,16,Emotion Perception and Empathy,0
evaluating_information_essentiality_task,16,Episodic Memory,0
evaluating_information_essentiality_task,16,Functional Perception,1
evaluating_information_essentiality_task,16,Inhibitory Control,0
evaluating_information_essentiality_task,16,Language,1
evaluating_information_essentiality_task,16,Mental Simulation,0
evaluating_information_essentiality_task,16,Metacognition,1
evaluating_information_essentiality_task,16,Object Permanence,0
evaluating_information_essentiality_task,16,Perception and Pattern Recognition,1
evaluating_information_essentiality_task,16,Planning,0
evaluating_information_essentiality_task,16,Procedural Memory,0
evaluating_information_essentiality_task,16,Prospective Memory,0
evaluating_information_essentiality_task,16,Semantic Memory,0
evaluating_information_essentiality_task,16,Spatial Reasoning and Navigation,0
evaluating_information_essentiality_task,16,Theory of Mind,0
evaluating_information_essentiality_task,16,Working Memory,1
evaluating_information_essentiality_task,16,ambiguity,5
evaluating_information_essentiality_task,16,factuality,5
evaluating_information_essentiality_task,17,Causal Reasoning,1
evaluating_information_essentiality_task,17,Cognitive Flexibility,2
evaluating_information_essentiality_task,17,Emotion Perception and Empathy,0
evaluating_information_essentiality_task,17,Episodic Memory,0
evaluating_information_essentiality_task,17,Functional Perception,2
evaluating_information_essentiality_task,17,Inhibitory Control,2
evaluating_information_essentiality_task,17,Language,1
evaluating_information_essentiality_task,17,Mental Simulation,0
evaluating_information_essentiality_task,17,Metacognition,2
evaluating_information_essentiality_task,17,Object Permanence,0
evaluating_information_essentiality_task,17,Perception and Pattern Recognition,1
evaluating_information_essentiality_task,17,Planning,0
evaluating_information_essentiality_task,17,Procedural Memory,0
evaluating_information_essentiality_task,17,Prospective Memory,0
evaluating_information_essentiality_task,17,Semantic Memory,1
evaluating_information_essentiality_task,17,Spatial Reasoning and Navigation,0
evaluating_information_essentiality_task,17,Theory of Mind,0
evaluating_information_essentiality_task,17,Working Memory,2
evaluating_information_essentiality_task,17,ambiguity,5
evaluating_information_essentiality_task,17,factuality,5
evaluating_information_essentiality_task,18,Causal Reasoning,1
evaluating_information_essentiality_task,18,Cognitive Flexibility,1
evaluating_information_essentiality_task,18,Emotion Perception and Empathy,0
evaluating_information_essentiality_task,18,Episodic Memory,0
evaluating_information_essentiality_task,18,Functional Perception,1
evaluating_information_essentiality_task,18,Inhibitory Control,1
evaluating_information_essentiality_task,18,Language,1
evaluating_information_essentiality_task,18,Mental Simulation,1
evaluating_information_essentiality_task,18,Metacognition,1
evaluating_information_essentiality_task,18,Object Permanence,0
evaluating_information_essentiality_task,18,Perception and Pattern Recognition,1
evaluating_information_essentiality_task,18,Planning,0
evaluating_information_essentiality_task,18,Procedural Memory,0
evaluating_information_essentiality_task,18,Prospective Memory,0
evaluating_information_essentiality_task,18,Semantic Memory,1
evaluating_information_essentiality_task,18,Spatial Reasoning and Navigation,0
evaluating_information_essentiality_task,18,Theory of Mind,0
evaluating_information_essentiality_task,18,Working Memory,1
evaluating_information_essentiality_task,18,ambiguity,5
evaluating_information_essentiality_task,18,factuality,5
evaluating_information_essentiality_task,19,Causal Reasoning,1
evaluating_information_essentiality_task,19,Cognitive Flexibility,0
evaluating_information_essentiality_task,19,Emotion Perception and Empathy,0
evaluating_information_essentiality_task,19,Episodic Memory,0
evaluating_information_essentiality_task,19,Functional Perception,1
evaluating_information_essentiality_task,19,Inhibitory Control,2
evaluating_information_essentiality_task,19,Language,2
evaluating_information_essentiality_task,19,Mental Simulation,1
evaluating_information_essentiality_task,19,Metacognition,2
evaluating_information_essentiality_task,19,Object Permanence,0
evaluating_information_essentiality_task,19,Perception and Pattern Recognition,1
evaluating_information_essentiality_task,19,Planning,0
evaluating_information_essentiality_task,19,Procedural Memory,1
evaluating_information_essentiality_task,19,Prospective Memory,0
evaluating_information_essentiality_task,19,Semantic Memory,2
evaluating_information_essentiality_task,19,Spatial Reasoning and Navigation,2
evaluating_information_essentiality_task,19,Theory of Mind,0
evaluating_information_essentiality_task,19,Working Memory,2
evaluating_information_essentiality_task,19,ambiguity,5
evaluating_information_essentiality_task,19,factuality,5
evaluating_information_essentiality_task,1,Causal Reasoning,1
evaluating_information_essentiality_task,1,Cognitive Flexibility,1
evaluating_information_essentiality_task,1,Emotion Perception and Empathy,0
evaluating_information_essentiality_task,1,Episodic Memory,0
evaluating_information_essentiality_task,1,Functional Perception,1
evaluating_information_essentiality_task,1,Inhibitory Control,1
evaluating_information_essentiality_task,1,Language,2
evaluating_information_essentiality_task,1,Mental Simulation,0
evaluating_information_essentiality_task,1,Metacognition,2
evaluating_information_essentiality_task,1,Object Permanence,0
evaluating_information_essentiality_task,1,Perception and Pattern Recognition,1
evaluating_information_essentiality_task,1,Planning,1
evaluating_information_essentiality_task,1,Procedural Memory,0
evaluating_information_essentiality_task,1,Prospective Memory,0
evaluating_information_essentiality_task,1,Semantic Memory,1
evaluating_information_essentiality_task,1,Spatial Reasoning and Navigation,0
evaluating_information_essentiality_task,1,Theory of Mind,2
evaluating_information_essentiality_task,1,Working Memory,2
evaluating_information_essentiality_task,1,ambiguity,5
evaluating_information_essentiality_task,1,factuality,5
evaluating_information_essentiality_task,20,Causal Reasoning,0
evaluating_information_essentiality_task,20,Cognitive Flexibility,1
evaluating_information_essentiality_task,20,Emotion Perception and Empathy,0
evaluating_information_essentiality_task,20,Episodic Memory,0
evaluating_information_essentiality_task,20,Functional Perception,0
evaluating_information_essentiality_task,20,Inhibitory Control,1
evaluating_information_essentiality_task,20,Language,2
evaluating_information_essentiality_task,20,Mental Simulation,0
evaluating_information_essentiality_task,20,Metacognition,2
evaluating_information_essentiality_task,20,Object Permanence,0
evaluating_information_essentiality_task,20,Perception and Pattern Recognition,0
evaluating_information_essentiality_task,20,Planning,0
evaluating_information_essentiality_task,20,Procedural Memory,0
evaluating_information_essentiality_task,20,Prospective Memory,0
evaluating_information_essentiality_task,20,Semantic Memory,1
evaluating_information_essentiality_task,20,Spatial Reasoning and Navigation,0
evaluating_information_essentiality_task,20,Theory of Mind,0
evaluating_information_essentiality_task,20,Working Memory,1
evaluating_information_essentiality_task,20,ambiguity,4
evaluating_information_essentiality_task,20,factuality,4
evaluating_information_essentiality_task,21,Causal Reasoning,1
evaluating_information_essentiality_task,21,Cognitive Flexibility,1
evaluating_information_essentiality_task,21,Emotion Perception and Empathy,0
evaluating_information_essentiality_task,21,Episodic Memory,0
evaluating_information_essentiality_task,21,Functional Perception,1
evaluating_information_essentiality_task,21,Inhibitory Control,1
evaluating_information_essentiality_task,21,Language,1
evaluating_information_essentiality_task,21,Mental Simulation,1
evaluating_information_essentiality_task,21,Metacognition,3
evaluating_information_essentiality_task,21,Object Permanence,0
evaluating_information_essentiality_task,21,Perception and Pattern Recognition,2
evaluating_information_essentiality_task,21,Planning,1
evaluating_information_essentiality_task,21,Procedural Memory,1
evaluating_information_essentiality_task,21,Prospective Memory,0
evaluating_information_essentiality_task,21,Semantic Memory,1
evaluating_information_essentiality_task,21,Spatial Reasoning and Navigation,0
evaluating_information_essentiality_task,21,Theory of Mind,0
evaluating_information_essentiality_task,21,Working Memory,2
evaluating_information_essentiality_task,21,ambiguity,5
evaluating_information_essentiality_task,21,factuality,5
evaluating_information_essentiality_task,22,Causal Reasoning,2
evaluating_information_essentiality_task,22,Cognitive Flexibility,2
evaluating_information_essentiality_task,22,Emotion Perception and Empathy,0
evaluating_information_essentiality_task,22,Episodic Memory,0
evaluating_information_essentiality_task,22,Functional Perception,2
evaluating_information_essentiality_task,22,Inhibitory Control,1
evaluating_information_essentiality_task,22,Language,3
evaluating_information_essentiality_task,22,Mental Simulation,2
evaluating_information_essentiality_task,22,Metacognition,2
evaluating_information_essentiality_task,22,Object Permanence,0
evaluating_information_essentiality_task,22,Perception and Pattern Recognition,3
evaluating_information_essentiality_task,22,Planning,0
evaluating_information_essentiality_task,22,Procedural Memory,0
evaluating_information_essentiality_task,22,Prospective Memory,0
evaluating_information_essentiality_task,22,Semantic Memory,2
evaluating_information_essentiality_task,22,Spatial Reasoning and Navigation,0
evaluating_information_essentiality_task,22,Theory of Mind,0
evaluating_information_essentiality_task,22,Working Memory,3
evaluating_information_essentiality_task,22,ambiguity,5
evaluating_information_essentiality_task,22,factuality,5
evaluating_information_essentiality_task,23,Causal Reasoning,0
evaluating_information_essentiality_task,23,Cognitive Flexibility,0
evaluating_information_essentiality_task,23,Emotion Perception and Empathy,0
evaluating_information_essentiality_task,23,Episodic Memory,0
evaluating_information_essentiality_task,23,Functional Perception,2
evaluating_information_essentiality_task,23,Inhibitory Control,0
evaluating_information_essentiality_task,23,Language,1
evaluating_information_essentiality_task,23,Mental Simulation,0
evaluating_information_essentiality_task,23,Metacognition,2
evaluating_information_essentiality_task,23,Object Permanence,0
evaluating_information_essentiality_task,23,Perception and Pattern Recognition,1
evaluating_information_essentiality_task,23,Planning,0
evaluating_information_essentiality_task,23,Procedural Memory,1
evaluating_information_essentiality_task,23,Prospective Memory,0
evaluating_information_essentiality_task,23,Semantic Memory,2
evaluating_information_essentiality_task,23,Spatial Reasoning and Navigation,0
evaluating_information_essentiality_task,23,Theory of Mind,0
evaluating_information_essentiality_task,23,Working Memory,2
evaluating_information_essentiality_task,23,ambiguity,5
evaluating_information_essentiality_task,23,factuality,5
evaluating_information_essentiality_task,24,Causal Reasoning,0
evaluating_information_essentiality_task,24,Cognitive Flexibility,0
evaluating_information_essentiality_task,24,Emotion Perception and Empathy,0
evaluating_information_essentiality_task,24,Episodic Memory,0
evaluating_information_essentiality_task,24,Functional Perception,0
evaluating_information_essentiality_task,24,Inhibitory Control,1
evaluating_information_essentiality_task,24,Language,1
evaluating_information_essentiality_task,24,Mental Simulation,0
evaluating_information_essentiality_task,24,Metacognition,2
evaluating_information_essentiality_task,24,Object Permanence,0
evaluating_information_essentiality_task,24,Perception and Pattern Recognition,1
evaluating_information_essentiality_task,24,Planning,0
evaluating_information_essentiality_task,24,Procedural Memory,0
evaluating_information_essentiality_task,24,Prospective Memory,0
evaluating_information_essentiality_task,24,Semantic Memory,1
evaluating_information_essentiality_task,24,Spatial Reasoning and Navigation,0
evaluating_information_essentiality_task,24,Theory of Mind,0
evaluating_information_essentiality_task,24,Working Memory,2
evaluating_information_essentiality_task,24,ambiguity,5
evaluating_information_essentiality_task,24,factuality,5
evaluating_information_essentiality_task,25,Causal Reasoning,0
evaluating_information_essentiality_task,25,Cognitive Flexibility,2
evaluating_information_essentiality_task,25,Emotion Perception and Empathy,0
evaluating_information_essentiality_task,25,Episodic Memory,0
evaluating_information_essentiality_task,25,Functional Perception,2
evaluating_information_essentiality_task,25,Inhibitory Control,1
evaluating_information_essentiality_task,25,Language,2
evaluating_information_essentiality_task,25,Mental Simulation,1
evaluating_information_essentiality_task,25,Metacognition,2
evaluating_information_essentiality_task,25,Object Permanence,0
evaluating_information_essentiality_task,25,Perception and Pattern Recognition,2
evaluating_information_essentiality_task,25,Planning,1
evaluating_information_essentiality_task,25,Procedural Memory,1
evaluating_information_essentiality_task,25,Prospective Memory,0
evaluating_information_essentiality_task,25,Semantic Memory,1
evaluating_information_essentiality_task,25,Spatial Reasoning and Navigation,1
evaluating_information_essentiality_task,25,Theory of Mind,0
evaluating_information_essentiality_task,25,Working Memory,3
evaluating_information_essentiality_task,25,ambiguity,5
evaluating_information_essentiality_task,25,factuality,5
evaluating_information_essentiality_task,26,Causal Reasoning,1
evaluating_information_essentiality_task,26,Cognitive Flexibility,0
evaluating_information_essentiality_task,26,Emotion Perception and Empathy,0
evaluating_information_essentiality_task,26,Episodic Memory,0
evaluating_information_essentiality_task,26,Functional Perception,1
evaluating_information_essentiality_task,26,Inhibitory Control,1
evaluating_information_essentiality_task,26,Language,1
evaluating_information_essentiality_task,26,Mental Simulation,1
evaluating_information_essentiality_task,26,Metacognition,1
evaluating_information_essentiality_task,26,Object Permanence,0
evaluating_information_essentiality_task,26,Perception and Pattern Recognition,1
evaluating_information_essentiality_task,26,Planning,0
evaluating_information_essentiality_task,26,Procedural Memory,0
evaluating_information_essentiality_task,26,Prospective Memory,0
evaluating_information_essentiality_task,26,Semantic Memory,1
evaluating_information_essentiality_task,26,Spatial Reasoning and Navigation,0
evaluating_information_essentiality_task,26,Theory of Mind,0
evaluating_information_essentiality_task,26,Working Memory,1
evaluating_information_essentiality_task,26,ambiguity,5
evaluating_information_essentiality_task,26,factuality,5
evaluating_information_essentiality_task,27,Causal Reasoning,0
evaluating_information_essentiality_task,27,Cognitive Flexibility,0
evaluating_information_essentiality_task,27,Emotion Perception and Empathy,0
evaluating_information_essentiality_task,27,Episodic Memory,0
evaluating_information_essentiality_task,27,Functional Perception,2
evaluating_information_essentiality_task,27,Inhibitory Control,2
evaluating_information_essentiality_task,27,Language,1
evaluating_information_essentiality_task,27,Mental Simulation,1
evaluating_information_essentiality_task,27,Metacognition,2
evaluating_information_essentiality_task,27,Object Permanence,0
evaluating_information_essentiality_task,27,Perception and Pattern Recognition,2
evaluating_information_essentiality_task,27,Planning,0
evaluating_information_essentiality_task,27,Procedural Memory,2
evaluating_information_essentiality_task,27,Prospective Memory,0
evaluating_information_essentiality_task,27,Semantic Memory,1
evaluating_information_essentiality_task,27,Spatial Reasoning and Navigation,0
evaluating_information_essentiality_task,27,Theory of Mind,0
evaluating_information_essentiality_task,27,Working Memory,3
evaluating_information_essentiality_task,27,ambiguity,5
evaluating_information_essentiality_task,27,factuality,5
evaluating_information_essentiality_task,28,Causal Reasoning,0
evaluating_information_essentiality_task,28,Cognitive Flexibility,1
evaluating_information_essentiality_task,28,Emotion Perception and Empathy,0
evaluating_information_essentiality_task,28,Episodic Memory,0
evaluating_information_essentiality_task,28,Functional Perception,2
evaluating_information_essentiality_task,28,Inhibitory Control,2
evaluating_information_essentiality_task,28,Language,2
evaluating_information_essentiality_task,28,Mental Simulation,0
evaluating_information_essentiality_task,28,Metacognition,2
evaluating_information_essentiality_task,28,Object Permanence,0
evaluating_information_essentiality_task,28,Perception and Pattern Recognition,1
evaluating_information_essentiality_task,28,Planning,0
evaluating_information_essentiality_task,28,Procedural Memory,0
evaluating_information_essentiality_task,28,Prospective Memory,0
evaluating_information_essentiality_task,28,Semantic Memory,1
evaluating_information_essentiality_task,28,Spatial Reasoning and Navigation,0
evaluating_information_essentiality_task,28,Theory of Mind,0
evaluating_information_essentiality_task,28,Working Memory,1
evaluating_information_essentiality_task,28,ambiguity,4
evaluating_information_essentiality_task,28,factuality,5
evaluating_information_essentiality_task,29,Causal Reasoning,1
evaluating_information_essentiality_task,29,Cognitive Flexibility,1
evaluating_information_essentiality_task,29,Emotion Perception and Empathy,0
evaluating_information_essentiality_task,29,Episodic Memory,0
evaluating_information_essentiality_task,29,Functional Perception,1
evaluating_information_essentiality_task,29,Inhibitory Control,1
evaluating_information_essentiality_task,29,Language,1
evaluating_information_essentiality_task,29,Mental Simulation,0
evaluating_information_essentiality_task,29,Metacognition,1
evaluating_information_essentiality_task,29,Object Permanence,0
evaluating_information_essentiality_task,29,Perception and Pattern Recognition,1
evaluating_information_essentiality_task,29,Planning,1
evaluating_information_essentiality_task,29,Procedural Memory,1
evaluating_information_essentiality_task,29,Prospective Memory,0
evaluating_information_essentiality_task,29,Semantic Memory,2
evaluating_information_essentiality_task,29,Spatial Reasoning and Navigation,0
evaluating_information_essentiality_task,29,Theory of Mind,0
evaluating_information_essentiality_task,29,Working Memory,2
evaluating_information_essentiality_task,29,ambiguity,5
evaluating_information_essentiality_task,29,factuality,5
evaluating_information_essentiality_task,2,Causal Reasoning,0
evaluating_information_essentiality_task,2,Cognitive Flexibility,2
evaluating_information_essentiality_task,2,Emotion Perception and Empathy,0
evaluating_information_essentiality_task,2,Episodic Memory,0
evaluating_information_essentiality_task,2,Functional Perception,1
evaluating_information_essentiality_task,2,Inhibitory Control,1
evaluating_information_essentiality_task,2,Language,2
evaluating_information_essentiality_task,2,Mental Simulation,1
evaluating_information_essentiality_task,2,Metacognition,2
evaluating_information_essentiality_task,2,Object Permanence,0
evaluating_information_essentiality_task,2,Perception and Pattern Recognition,2
evaluating_information_essentiality_task,2,Planning,0
evaluating_information_essentiality_task,2,Procedural Memory,0
evaluating_information_essentiality_task,2,Prospective Memory,0
evaluating_information_essentiality_task,2,Semantic Memory,2
evaluating_information_essentiality_task,2,Spatial Reasoning and Navigation,0
evaluating_information_essentiality_task,2,Theory of Mind,0
evaluating_information_essentiality_task,2,Working Memory,2
evaluating_information_essentiality_task,2,ambiguity,5
evaluating_information_essentiality_task,2,factuality,5
evaluating_information_essentiality_task,30,Causal Reasoning,0
evaluating_information_essentiality_task,30,Cognitive Flexibility,0
evaluating_information_essentiality_task,30,Emotion Perception and Empathy,0
evaluating_information_essentiality_task,30,Episodic Memory,0
evaluating_information_essentiality_task,30,Functional Perception,1
evaluating_information_essentiality_task,30,Inhibitory Control,2
evaluating_information_essentiality_task,30,Language,1
evaluating_information_essentiality_task,30,Mental Simulation,0
evaluating_information_essentiality_task,30,Metacognition,0
evaluating_information_essentiality_task,30,Object Permanence,0
evaluating_information_essentiality_task,30,Perception and Pattern Recognition,0
evaluating_information_essentiality_task,30,Planning,0
evaluating_information_essentiality_task,30,Procedural Memory,0
evaluating_information_essentiality_task,30,Prospective Memory,1
evaluating_information_essentiality_task,30,Semantic Memory,1
evaluating_information_essentiality_task,30,Spatial Reasoning and Navigation,0
evaluating_information_essentiality_task,30,Theory of Mind,0
evaluating_information_essentiality_task,30,Working Memory,2
evaluating_information_essentiality_task,30,ambiguity,5
evaluating_information_essentiality_task,30,factuality,5
evaluating_information_essentiality_task,31,Causal Reasoning,1
evaluating_information_essentiality_task,31,Cognitive Flexibility,0
evaluating_information_essentiality_task,31,Emotion Perception and Empathy,0
evaluating_information_essentiality_task,31,Episodic Memory,0
evaluating_information_essentiality_task,31,Functional Perception,1
evaluating_information_essentiality_task,31,Inhibitory Control,1
evaluating_information_essentiality_task,31,Language,2
evaluating_information_essentiality_task,31,Mental Simulation,0
evaluating_information_essentiality_task,31,Metacognition,2
evaluating_information_essentiality_task,31,Object Permanence,0
evaluating_information_essentiality_task,31,Perception and Pattern Recognition,1
evaluating_information_essentiality_task,31,Planning,0
evaluating_information_essentiality_task,31,Procedural Memory,1
evaluating_information_essentiality_task,31,Prospective Memory,0
evaluating_information_essentiality_task,31,Semantic Memory,0
evaluating_information_essentiality_task,31,Spatial Reasoning and Navigation,0
evaluating_information_essentiality_task,31,Theory of Mind,0
evaluating_information_essentiality_task,31,Working Memory,2
evaluating_information_essentiality_task,31,ambiguity,5
evaluating_information_essentiality_task,31,factuality,5
evaluating_information_essentiality_task,32,Causal Reasoning,1
evaluating_information_essentiality_task,32,Cognitive Flexibility,2
evaluating_information_essentiality_task,32,Emotion Perception and Empathy,0
evaluating_information_essentiality_task,32,Episodic Memory,0
evaluating_information_essentiality_task,32,Functional Perception,1
evaluating_information_essentiality_task,32,Inhibitory Control,1
evaluating_information_essentiality_task,32,Language,2
evaluating_information_essentiality_task,32,Mental Simulation,0
evaluating_information_essentiality_task,32,Metacognition,2
evaluating_information_essentiality_task,32,Object Permanence,0
evaluating_information_essentiality_task,32,Perception and Pattern Recognition,2
evaluating_information_essentiality_task,32,Planning,1
evaluating_information_essentiality_task,32,Procedural Memory,0
evaluating_information_essentiality_task,32,Prospective Memory,0
evaluating_information_essentiality_task,32,Semantic Memory,2
evaluating_information_essentiality_task,32,Spatial Reasoning and Navigation,0
evaluating_information_essentiality_task,32,Theory of Mind,2
evaluating_information_essentiality_task,32,Working Memory,2
evaluating_information_essentiality_task,32,ambiguity,5
evaluating_information_essentiality_task,32,factuality,5
evaluating_information_essentiality_task,33,Causal Reasoning,0
evaluating_information_essentiality_task,33,Cognitive Flexibility,0
evaluating_information_essentiality_task,33,Emotion Perception and Empathy,0
evaluating_information_essentiality_task,33,Episodic Memory,0
evaluating_information_essentiality_task,33,Functional Perception,1
evaluating_information_essentiality_task,33,Inhibitory Control,1
evaluating_information_essentiality_task,33,Language,1
evaluating_information_essentiality_task,33,Mental Simulation,0
evaluating_information_essentiality_task,33,Metacognition,2
evaluating_information_essentiality_task,33,Object Permanence,0
evaluating_information_essentiality_task,33,Perception and Pattern Recognition,0
evaluating_information_essentiality_task,33,Planning,0
evaluating_information_essentiality_task,33,Procedural Memory,1
evaluating_information_essentiality_task,33,Prospective Memory,0
evaluating_information_essentiality_task,33,Semantic Memory,1
evaluating_information_essentiality_task,33,Spatial Reasoning and Navigation,0
evaluating_information_essentiality_task,33,Theory of Mind,2
evaluating_information_essentiality_task,33,Working Memory,1
evaluating_information_essentiality_task,33,ambiguity,5
evaluating_information_essentiality_task,33,factuality,5
evaluating_information_essentiality_task,34,Causal Reasoning,0
evaluating_information_essentiality_task,34,Cognitive Flexibility,2
evaluating_information_essentiality_task,34,Emotion Perception and Empathy,0
evaluating_information_essentiality_task,34,Episodic Memory,0
evaluating_information_essentiality_task,34,Functional Perception,3
evaluating_information_essentiality_task,34,Inhibitory Control,3
evaluating_information_essentiality_task,34,Language,2
evaluating_information_essentiality_task,34,Mental Simulation,2
evaluating_information_essentiality_task,34,Metacognition,2
evaluating_information_essentiality_task,34,Object Permanence,0
evaluating_information_essentiality_task,34,Perception and Pattern Recognition,3
evaluating_information_essentiality_task,34,Planning,1
evaluating_information_essentiality_task,34,Procedural Memory,2
evaluating_information_essentiality_task,34,Prospective Memory,0
evaluating_information_essentiality_task,34,Semantic Memory,1
evaluating_information_essentiality_task,34,Spatial Reasoning and Navigation,0
evaluating_information_essentiality_task,34,Theory of Mind,0
evaluating_information_essentiality_task,34,Working Memory,3
evaluating_information_essentiality_task,34,ambiguity,5
evaluating_information_essentiality_task,34,factuality,1
evaluating_information_essentiality_task,35,Causal Reasoning,1
evaluating_information_essentiality_task,35,Cognitive Flexibility,1
evaluating_information_essentiality_task,35,Emotion Perception and Empathy,0
evaluating_information_essentiality_task,35,Episodic Memory,0
evaluating_information_essentiality_task,35,Functional Perception,2
evaluating_information_essentiality_task,35,Inhibitory Control,1
evaluating_information_essentiality_task,35,Language,2
evaluating_information_essentiality_task,35,Mental Simulation,1
evaluating_information_essentiality_task,35,Metacognition,2
evaluating_information_essentiality_task,35,Object Permanence,0
evaluating_information_essentiality_task,35,Perception and Pattern Recognition,1
evaluating_information_essentiality_task,35,Planning,1
evaluating_information_essentiality_task,35,Procedural Memory,2
evaluating_information_essentiality_task,35,Prospective Memory,0
evaluating_information_essentiality_task,35,Semantic Memory,1
evaluating_information_essentiality_task,35,Spatial Reasoning and Navigation,1
evaluating_information_essentiality_task,35,Theory of Mind,0
evaluating_information_essentiality_task,35,Working Memory,2
evaluating_information_essentiality_task,35,ambiguity,5
evaluating_information_essentiality_task,35,factuality,5
evaluating_information_essentiality_task,36,Causal Reasoning,0
evaluating_information_essentiality_task,36,Cognitive Flexibility,0
evaluating_information_essentiality_task,36,Emotion Perception and Empathy,0
evaluating_information_essentiality_task,36,Episodic Memory,0
evaluating_information_essentiality_task,36,Functional Perception,1
evaluating_information_essentiality_task,36,Inhibitory Control,1
evaluating_information_essentiality_task,36,Language,1
evaluating_information_essentiality_task,36,Mental Simulation,0
evaluating_information_essentiality_task,36,Metacognition,2
evaluating_information_essentiality_task,36,Object Permanence,0
evaluating_information_essentiality_task,36,Perception and Pattern Recognition,1
evaluating_information_essentiality_task,36,Planning,0
evaluating_information_essentiality_task,36,Procedural Memory,0
evaluating_information_essentiality_task,36,Prospective Memory,0
evaluating_information_essentiality_task,36,Semantic Memory,1
evaluating_information_essentiality_task,36,Spatial Reasoning and Navigation,0
evaluating_information_essentiality_task,36,Theory of Mind,0
evaluating_information_essentiality_task,36,Working Memory,1
evaluating_information_essentiality_task,36,ambiguity,4
evaluating_information_essentiality_task,36,factuality,2
evaluating_information_essentiality_task,37,Causal Reasoning,0
evaluating_information_essentiality_task,37,Cognitive Flexibility,0
evaluating_information_essentiality_task,37,Emotion Perception and Empathy,0
evaluating_information_essentiality_task,37,Episodic Memory,0
evaluating_information_essentiality_task,37,Functional Perception,0
evaluating_information_essentiality_task,37,Inhibitory Control,1
evaluating_information_essentiality_task,37,Language,1
evaluating_information_essentiality_task,37,Mental Simulation,0
evaluating_information_essentiality_task,37,Metacognition,2
evaluating_information_essentiality_task,37,Object Permanence,0
evaluating_information_essentiality_task,37,Perception and Pattern Recognition,1
evaluating_information_essentiality_task,37,Planning,0
evaluating_information_essentiality_task,37,Procedural Memory,0
evaluating_information_essentiality_task,37,Prospective Memory,0
evaluating_information_essentiality_task,37,Semantic Memory,0
evaluating_information_essentiality_task,37,Spatial Reasoning and Navigation,0
evaluating_information_essentiality_task,37,Theory of Mind,0
evaluating_information_essentiality_task,37,Working Memory,2
evaluating_information_essentiality_task,37,ambiguity,4
evaluating_information_essentiality_task,37,factuality,5
evaluating_information_essentiality_task,38,Causal Reasoning,0
evaluating_information_essentiality_task,38,Cognitive Flexibility,1
evaluating_information_essentiality_task,38,Emotion Perception and Empathy,0
evaluating_information_essentiality_task,38,Episodic Memory,0
evaluating_information_essentiality_task,38,Functional Perception,1
evaluating_information_essentiality_task,38,Inhibitory Control,1
evaluating_information_essentiality_task,38,Language,1
evaluating_information_essentiality_task,38,Mental Simulation,0
evaluating_information_essentiality_task,38,Metacognition,1
evaluating_information_essentiality_task,38,Object Permanence,0
evaluating_information_essentiality_task,38,Perception and Pattern Recognition,1
evaluating_information_essentiality_task,38,Planning,0
evaluating_information_essentiality_task,38,Procedural Memory,0
evaluating_information_essentiality_task,38,Prospective Memory,0
evaluating_information_essentiality_task,38,Semantic Memory,1
evaluating_information_essentiality_task,38,Spatial Reasoning and Navigation,1
evaluating_information_essentiality_task,38,Theory of Mind,0
evaluating_information_essentiality_task,38,Working Memory,1
evaluating_information_essentiality_task,38,ambiguity,5
evaluating_information_essentiality_task,38,factuality,5
evaluating_information_essentiality_task,39,Causal Reasoning,1
evaluating_information_essentiality_task,39,Cognitive Flexibility,0
evaluating_information_essentiality_task,39,Emotion Perception and Empathy,0
evaluating_information_essentiality_task,39,Episodic Memory,0
evaluating_information_essentiality_task,39,Functional Perception,2
evaluating_information_essentiality_task,39,Inhibitory Control,3
evaluating_information_essentiality_task,39,Language,2
evaluating_information_essentiality_task,39,Mental Simulation,1
evaluating_information_essentiality_task,39,Metacognition,2
evaluating_information_essentiality_task,39,Object Permanence,0
evaluating_information_essentiality_task,39,Perception and Pattern Recognition,1
evaluating_information_essentiality_task,39,Planning,2
evaluating_information_essentiality_task,39,Procedural Memory,0
evaluating_information_essentiality_task,39,Prospective Memory,0
evaluating_information_essentiality_task,39,Semantic Memory,1
evaluating_information_essentiality_task,39,Spatial Reasoning and Navigation,1
evaluating_information_essentiality_task,39,Theory of Mind,0
evaluating_information_essentiality_task,39,Working Memory,2
evaluating_information_essentiality_task,39,ambiguity,5
evaluating_information_essentiality_task,39,factuality,1
evaluating_information_essentiality_task,3,Causal Reasoning,0
evaluating_information_essentiality_task,3,Cognitive Flexibility,0
evaluating_information_essentiality_task,3,Emotion Perception and Empathy,0
evaluating_information_essentiality_task,3,Episodic Memory,0
evaluating_information_essentiality_task,3,Functional Perception,1
evaluating_information_essentiality_task,3,Inhibitory Control,1
evaluating_information_essentiality_task,3,Language,1
evaluating_information_essentiality_task,3,Mental Simulation,0
evaluating_information_essentiality_task,3,Metacognition,2
evaluating_information_essentiality_task,3,Object Permanence,0
evaluating_information_essentiality_task,3,Perception and Pattern Recognition,2
evaluating_information_essentiality_task,3,Planning,1
evaluating_information_essentiality_task,3,Procedural Memory,0
evaluating_information_essentiality_task,3,Prospective Memory,0
evaluating_information_essentiality_task,3,Semantic Memory,2
evaluating_information_essentiality_task,3,Spatial Reasoning and Navigation,1
evaluating_information_essentiality_task,3,Theory of Mind,0
evaluating_information_essentiality_task,3,Working Memory,2
evaluating_information_essentiality_task,3,ambiguity,3
evaluating_information_essentiality_task,3,factuality,5
evaluating_information_essentiality_task,40,Causal Reasoning,0
evaluating_information_essentiality_task,40,Cognitive Flexibility,2
evaluating_information_essentiality_task,40,Emotion Perception and Empathy,0
evaluating_information_essentiality_task,40,Episodic Memory,0
evaluating_information_essentiality_task,40,Functional Perception,2
evaluating_information_essentiality_task,40,Inhibitory Control,3
evaluating_information_essentiality_task,40,Language,2
evaluating_information_essentiality_task,40,Mental Simulation,0
evaluating_information_essentiality_task,40,Metacognition,3
evaluating_information_essentiality_task,40,Object Permanence,0
evaluating_information_essentiality_task,40,Perception and Pattern Recognition,2
evaluating_information_essentiality_task,40,Planning,0
evaluating_information_essentiality_task,40,Procedural Memory,0
evaluating_information_essentiality_task,40,Prospective Memory,0
evaluating_information_essentiality_task,40,Semantic Memory,2
evaluating_information_essentiality_task,40,Spatial Reasoning and Navigation,1
evaluating_information_essentiality_task,40,Theory of Mind,0
evaluating_information_essentiality_task,40,Working Memory,3
evaluating_information_essentiality_task,40,ambiguity,5
evaluating_information_essentiality_task,40,factuality,2
evaluating_information_essentiality_task,41,Causal Reasoning,0
evaluating_information_essentiality_task,41,Cognitive Flexibility,0
evaluating_information_essentiality_task,41,Emotion Perception and Empathy,0
evaluating_information_essentiality_task,41,Episodic Memory,0
evaluating_information_essentiality_task,41,Functional Perception,0
evaluating_information_essentiality_task,41,Inhibitory Control,1
evaluating_information_essentiality_task,41,Language,1
evaluating_information_essentiality_task,41,Mental Simulation,0
evaluating_information_essentiality_task,41,Metacognition,2
evaluating_information_essentiality_task,41,Object Permanence,0
evaluating_information_essentiality_task,41,Perception and Pattern Recognition,1
evaluating_information_essentiality_task,41,Planning,0
evaluating_information_essentiality_task,41,Procedural Memory,0
evaluating_information_essentiality_task,41,Prospective Memory,0
evaluating_information_essentiality_task,41,Semantic Memory,1
evaluating_information_essentiality_task,41,Spatial Reasoning and Navigation,0
evaluating_information_essentiality_task,41,Theory of Mind,0
evaluating_information_essentiality_task,41,Working Memory,1
evaluating_information_essentiality_task,41,ambiguity,4
evaluating_information_essentiality_task,41,factuality,5
evaluating_information_essentiality_task,42,Causal Reasoning,1
evaluating_information_essentiality_task,42,Cognitive Flexibility,1
evaluating_information_essentiality_task,42,Emotion Perception and Empathy,0
evaluating_information_essentiality_task,42,Episodic Memory,0
evaluating_information_essentiality_task,42,Functional Perception,1
evaluating_information_essentiality_task,42,Inhibitory Control,1
evaluating_information_essentiality_task,42,Language,2
evaluating_information_essentiality_task,42,Mental Simulation,0
evaluating_information_essentiality_task,42,Metacognition,2
evaluating_information_essentiality_task,42,Object Permanence,0
evaluating_information_essentiality_task,42,Perception and Pattern Recognition,1
evaluating_information_essentiality_task,42,Planning,1
evaluating_information_essentiality_task,42,Procedural Memory,0
evaluating_information_essentiality_task,42,Prospective Memory,0
evaluating_information_essentiality_task,42,Semantic Memory,1
evaluating_information_essentiality_task,42,Spatial Reasoning and Navigation,0
evaluating_information_essentiality_task,42,Theory of Mind,0
evaluating_information_essentiality_task,42,Working Memory,1
evaluating_information_essentiality_task,42,ambiguity,4
evaluating_information_essentiality_task,42,factuality,5
evaluating_information_essentiality_task,43,Causal Reasoning,0
evaluating_information_essentiality_task,43,Cognitive Flexibility,0
evaluating_information_essentiality_task,43,Emotion Perception and Empathy,0
evaluating_information_essentiality_task,43,Episodic Memory,0
evaluating_information_essentiality_task,43,Functional Perception,2
evaluating_information_essentiality_task,43,Inhibitory Control,1
evaluating_information_essentiality_task,43,Language,2
evaluating_information_essentiality_task,43,Mental Simulation,1
evaluating_information_essentiality_task,43,Metacognition,2
evaluating_information_essentiality_task,43,Object Permanence,0
evaluating_information_essentiality_task,43,Perception and Pattern Recognition,2
evaluating_information_essentiality_task,43,Planning,1
evaluating_information_essentiality_task,43,Procedural Memory,2
evaluating_information_essentiality_task,43,Prospective Memory,0
evaluating_information_essentiality_task,43,Semantic Memory,1
evaluating_information_essentiality_task,43,Spatial Reasoning and Navigation,1
evaluating_information_essentiality_task,43,Theory of Mind,0
evaluating_information_essentiality_task,43,Working Memory,2
evaluating_information_essentiality_task,43,ambiguity,5
evaluating_information_essentiality_task,43,factuality,5
evaluating_information_essentiality_task,44,Causal Reasoning,0
evaluating_information_essentiality_task,44,Cognitive Flexibility,1
evaluating_information_essentiality_task,44,Emotion Perception and Empathy,0
evaluating_information_essentiality_task,44,Episodic Memory,0
evaluating_information_essentiality_task,44,Functional Perception,1
evaluating_information_essentiality_task,44,Inhibitory Control,2
evaluating_information_essentiality_task,44,Language,2
evaluating_information_essentiality_task,44,Mental Simulation,1
evaluating_information_essentiality_task,44,Metacognition,2
evaluating_information_essentiality_task,44,Object Permanence,0
evaluating_information_essentiality_task,44,Perception and Pattern Recognition,1
evaluating_information_essentiality_task,44,Planning,1
evaluating_information_essentiality_task,44,Procedural Memory,1
evaluating_information_essentiality_task,44,Prospective Memory,0
evaluating_information_essentiality_task,44,Semantic Memory,1
evaluating_information_essentiality_task,44,Spatial Reasoning and Navigation,0
evaluating_information_essentiality_task,44,Theory of Mind,0
evaluating_information_essentiality_task,44,Working Memory,2
evaluating_information_essentiality_task,44,ambiguity,5
evaluating_information_essentiality_task,44,factuality,5
evaluating_information_essentiality_task,45,Causal Reasoning,0
evaluating_information_essentiality_task,45,Cognitive Flexibility,2
evaluating_information_essentiality_task,45,Emotion Perception and Empathy,0
evaluating_information_essentiality_task,45,Episodic Memory,0
evaluating_information_essentiality_task,45,Functional Perception,2
evaluating_information_essentiality_task,45,Inhibitory Control,2
evaluating_information_essentiality_task,45,Language,2
evaluating_information_essentiality_task,45,Mental Simulation,1
evaluating_information_essentiality_task,45,Metacognition,2
evaluating_information_essentiality_task,45,Object Permanence,0
evaluating_information_essentiality_task,45,Perception and Pattern Recognition,2
evaluating_information_essentiality_task,45,Planning,1
evaluating_information_essentiality_task,45,Procedural Memory,0
evaluating_information_essentiality_task,45,Prospective Memory,0
evaluating_information_essentiality_task,45,Semantic Memory,2
evaluating_information_essentiality_task,45,Spatial Reasoning and Navigation,1
evaluating_information_essentiality_task,45,Theory of Mind,0
evaluating_information_essentiality_task,45,Working Memory,3
evaluating_information_essentiality_task,45,ambiguity,5
evaluating_information_essentiality_task,45,factuality,2
evaluating_information_essentiality_task,46,Causal Reasoning,0
evaluating_information_essentiality_task,46,Cognitive Flexibility,2
evaluating_information_essentiality_task,46,Emotion Perception and Empathy,0
evaluating_information_essentiality_task,46,Episodic Memory,0
evaluating_information_essentiality_task,46,Functional Perception,3
evaluating_information_essentiality_task,46,Inhibitory Control,3
evaluating_information_essentiality_task,46,Language,2
evaluating_information_essentiality_task,46,Mental Simulation,0
evaluating_information_essentiality_task,46,Metacognition,3
evaluating_information_essentiality_task,46,Object Permanence,0
evaluating_information_essentiality_task,46,Perception and Pattern Recognition,3
evaluating_information_essentiality_task,46,Planning,1
evaluating_information_essentiality_task,46,Procedural Memory,2
evaluating_information_essentiality_task,46,Prospective Memory,0
evaluating_information_essentiality_task,46,Semantic Memory,2
evaluating_information_essentiality_task,46,Spatial Reasoning and Navigation,0
evaluating_information_essentiality_task,46,Theory of Mind,0
evaluating_information_essentiality_task,46,Working Memory,3
evaluating_information_essentiality_task,46,ambiguity,4
evaluating_information_essentiality_task,46,factuality,5
evaluating_information_essentiality_task,47,Causal Reasoning,0
evaluating_information_essentiality_task,47,Cognitive Flexibility,0
evaluating_information_essentiality_task,47,Emotion Perception and Empathy,0
evaluating_information_essentiality_task,47,Episodic Memory,0
evaluating_information_essentiality_task,47,Functional Perception,1
evaluating_information_essentiality_task,47,Inhibitory Control,1
evaluating_information_essentiality_task,47,Language,2
evaluating_information_essentiality_task,47,Mental Simulation,0
evaluating_information_essentiality_task,47,Metacognition,2
evaluating_information_essentiality_task,47,Object Permanence,0
evaluating_information_essentiality_task,47,Perception and Pattern Recognition,1
evaluating_information_essentiality_task,47,Planning,0
evaluating_information_essentiality_task,47,Procedural Memory,0
evaluating_information_essentiality_task,47,Prospective Memory,0
evaluating_information_essentiality_task,47,Semantic Memory,1
evaluating_information_essentiality_task,47,Spatial Reasoning and Navigation,0
evaluating_information_essentiality_task,47,Theory of Mind,2
evaluating_information_essentiality_task,47,Working Memory,1
evaluating_information_essentiality_task,47,ambiguity,5
evaluating_information_essentiality_task,47,factuality,5
evaluating_information_essentiality_task,48,Causal Reasoning,2
evaluating_information_essentiality_task,48,Cognitive Flexibility,1
evaluating_information_essentiality_task,48,Emotion Perception and Empathy,0
evaluating_information_essentiality_task,48,Episodic Memory,0
evaluating_information_essentiality_task,48,Functional Perception,2
evaluating_information_essentiality_task,48,Inhibitory Control,2
evaluating_information_essentiality_task,48,Language,2
evaluating_information_essentiality_task,48,Mental Simulation,1
evaluating_information_essentiality_task,48,Metacognition,2
evaluating_information_essentiality_task,48,Object Permanence,0
evaluating_information_essentiality_task,48,Perception and Pattern Recognition,2
evaluating_information_essentiality_task,48,Planning,0
evaluating_information_essentiality_task,48,Procedural Memory,1
evaluating_information_essentiality_task,48,Prospective Memory,0
evaluating_information_essentiality_task,48,Semantic Memory,2
evaluating_information_essentiality_task,48,Spatial Reasoning and Navigation,0
evaluating_information_essentiality_task,48,Theory of Mind,0
evaluating_information_essentiality_task,48,Working Memory,3
evaluating_information_essentiality_task,48,ambiguity,5
evaluating_information_essentiality_task,48,factuality,5
evaluating_information_essentiality_task,49,Causal Reasoning,3
evaluating_information_essentiality_task,49,Cognitive Flexibility,3
evaluating_information_essentiality_task,49,Emotion Perception and Empathy,0
evaluating_information_essentiality_task,49,Episodic Memory,0
evaluating_information_essentiality_task,49,Functional Perception,4
evaluating_information_essentiality_task,49,Inhibitory Control,3
evaluating_information_essentiality_task,49,Language,2
evaluating_information_essentiality_task,49,Mental Simulation,2
evaluating_information_essentiality_task,49,Metacognition,3
evaluating_information_essentiality_task,49,Object Permanence,0
evaluating_information_essentiality_task,49,Perception and Pattern Recognition,3
evaluating_information_essentiality_task,49,Planning,3
evaluating_information_essentiality_task,49,Procedural Memory,3
evaluating_information_essentiality_task,49,Prospective Memory,2
evaluating_information_essentiality_task,49,Semantic Memory,1
evaluating_information_essentiality_task,49,Spatial Reasoning and Navigation,0
evaluating_information_essentiality_task,49,Theory of Mind,3
evaluating_information_essentiality_task,49,Working Memory,4
evaluating_information_essentiality_task,49,ambiguity,5
evaluating_information_essentiality_task,49,factuality,5
evaluating_information_essentiality_task,4,Causal Reasoning,0
evaluating_information_essentiality_task,4,Cognitive Flexibility,2
evaluating_information_essentiality_task,4,Emotion Perception and Empathy,0
evaluating_information_essentiality_task,4,Episodic Memory,0
evaluating_information_essentiality_task,4,Functional Perception,2
evaluating_information_essentiality_task,4,Inhibitory Control,1
evaluating_information_essentiality_task,4,Language,2
evaluating_information_essentiality_task,4,Mental Simulation,0
evaluating_information_essentiality_task,4,Metacognition,2
evaluating_information_essentiality_task,4,Object Permanence,0
evaluating_information_essentiality_task,4,Perception and Pattern Recognition,1
evaluating_information_essentiality_task,4,Planning,0
evaluating_information_essentiality_task,4,Procedural Memory,1
evaluating_information_essentiality_task,4,Prospective Memory,0
evaluating_information_essentiality_task,4,Semantic Memory,1
evaluating_information_essentiality_task,4,Spatial Reasoning and Navigation,0
evaluating_information_essentiality_task,4,Theory of Mind,0
evaluating_information_essentiality_task,4,Working Memory,1
evaluating_information_essentiality_task,4,ambiguity,5
evaluating_information_essentiality_task,4,factuality,5
evaluating_information_essentiality_task,50,Causal Reasoning,0
evaluating_information_essentiality_task,50,Cognitive Flexibility,0
evaluating_information_essentiality_task,50,Emotion Perception and Empathy,0
evaluating_information_essentiality_task,50,Episodic Memory,0
evaluating_information_essentiality_task,50,Functional Perception,0
evaluating_information_essentiality_task,50,Inhibitory Control,1
evaluating_information_essentiality_task,50,Language,2
evaluating_information_essentiality_task,50,Mental Simulation,0
evaluating_information_essentiality_task,50,Metacognition,2
evaluating_information_essentiality_task,50,Object Permanence,0
evaluating_information_essentiality_task,50,Perception and Pattern Recognition,1
evaluating_information_essentiality_task,50,Planning,0
evaluating_information_essentiality_task,50,Procedural Memory,0
evaluating_information_essentiality_task,50,Prospective Memory,0
evaluating_information_essentiality_task,50,Semantic Memory,0
evaluating_information_essentiality_task,50,Spatial Reasoning and Navigation,0
evaluating_information_essentiality_task,50,Theory of Mind,2
evaluating_information_essentiality_task,50,Working Memory,1
evaluating_information_essentiality_task,50,ambiguity,5
evaluating_information_essentiality_task,50,factuality,5
evaluating_information_essentiality_task,51,Causal Reasoning,1
evaluating_information_essentiality_task,51,Cognitive Flexibility,1
evaluating_information_essentiality_task,51,Emotion Perception and Empathy,0
evaluating_information_essentiality_task,51,Episodic Memory,0
evaluating_information_essentiality_task,51,Functional Perception,1
evaluating_information_essentiality_task,51,Inhibitory Control,1
evaluating_information_essentiality_task,51,Language,1
evaluating_information_essentiality_task,51,Mental Simulation,0
evaluating_information_essentiality_task,51,Metacognition,2
evaluating_information_essentiality_task,51,Object Permanence,0
evaluating_information_essentiality_task,51,Perception and Pattern Recognition,1
evaluating_information_essentiality_task,51,Planning,1
evaluating_information_essentiality_task,51,Procedural Memory,2
evaluating_information_essentiality_task,51,Prospective Memory,0
evaluating_information_essentiality_task,51,Semantic Memory,0
evaluating_information_essentiality_task,51,Spatial Reasoning and Navigation,0
evaluating_information_essentiality_task,51,Theory of Mind,0
evaluating_information_essentiality_task,51,Working Memory,2
evaluating_information_essentiality_task,51,ambiguity,5
evaluating_information_essentiality_task,51,factuality,5
evaluating_information_essentiality_task,52,Causal Reasoning,0
evaluating_information_essentiality_task,52,Cognitive Flexibility,2
evaluating_information_essentiality_task,52,Emotion Perception and Empathy,0
evaluating_information_essentiality_task,52,Episodic Memory,0
evaluating_information_essentiality_task,52,Functional Perception,2
evaluating_information_essentiality_task,52,Inhibitory Control,2
evaluating_information_essentiality_task,52,Language,1
evaluating_information_essentiality_task,52,Mental Simulation,0
evaluating_information_essentiality_task,52,Metacognition,3
evaluating_information_essentiality_task,52,Object Permanence,0
evaluating_information_essentiality_task,52,Perception and Pattern Recognition,2
evaluating_information_essentiality_task,52,Planning,1
evaluating_information_essentiality_task,52,Procedural Memory,2
evaluating_information_essentiality_task,52,Prospective Memory,0
evaluating_information_essentiality_task,52,Semantic Memory,1
evaluating_information_essentiality_task,52,Spatial Reasoning and Navigation,0
evaluating_information_essentiality_task,52,Theory of Mind,0
evaluating_information_essentiality_task,52,Working Memory,2
evaluating_information_essentiality_task,52,ambiguity,5
evaluating_information_essentiality_task,52,factuality,5
evaluating_information_essentiality_task,53,Causal Reasoning,0
evaluating_information_essentiality_task,53,Cognitive Flexibility,2
evaluating_information_essentiality_task,53,Emotion Perception and Empathy,0
evaluating_information_essentiality_task,53,Episodic Memory,0
evaluating_information_essentiality_task,53,Functional Perception,3
evaluating_information_essentiality_task,53,Inhibitory Control,3
evaluating_information_essentiality_task,53,Language,2
evaluating_information_essentiality_task,53,Mental Simulation,1
evaluating_information_essentiality_task,53,Metacognition,3
evaluating_information_essentiality_task,53,Object Permanence,0
evaluating_information_essentiality_task,53,Perception and Pattern Recognition,2
evaluating_information_essentiality_task,53,Planning,1
evaluating_information_essentiality_task,53,Procedural Memory,1
evaluating_information_essentiality_task,53,Prospective Memory,0
evaluating_information_essentiality_task,53,Semantic Memory,2
evaluating_information_essentiality_task,53,Spatial Reasoning and Navigation,0
evaluating_information_essentiality_task,53,Theory of Mind,0
evaluating_information_essentiality_task,53,Working Memory,3
evaluating_information_essentiality_task,53,ambiguity,5
evaluating_information_essentiality_task,53,factuality,5
evaluating_information_essentiality_task,54,Causal Reasoning,1
evaluating_information_essentiality_task,54,Cognitive Flexibility,0
evaluating_information_essentiality_task,54,Emotion Perception and Empathy,0
evaluating_information_essentiality_task,54,Episodic Memory,0
evaluating_information_essentiality_task,54,Functional Perception,3
evaluating_information_essentiality_task,54,Inhibitory Control,1
evaluating_information_essentiality_task,54,Language,1
evaluating_information_essentiality_task,54,Mental Simulation,1
evaluating_information_essentiality_task,54,Metacognition,2
evaluating_information_essentiality_task,54,Object Permanence,0
evaluating_information_essentiality_task,54,Perception and Pattern Recognition,1
evaluating_information_essentiality_task,54,Planning,0
evaluating_information_essentiality_task,54,Procedural Memory,2
evaluating_information_essentiality_task,54,Prospective Memory,0
evaluating_information_essentiality_task,54,Semantic Memory,2
evaluating_information_essentiality_task,54,Spatial Reasoning and Navigation,0
evaluating_information_essentiality_task,54,Theory of Mind,0
evaluating_information_essentiality_task,54,Working Memory,1
evaluating_information_essentiality_task,54,ambiguity,5
evaluating_information_essentiality_task,54,factuality,5
evaluating_information_essentiality_task,55,Causal Reasoning,1
evaluating_information_essentiality_task,55,Cognitive Flexibility,2
evaluating_information_essentiality_task,55,Emotion Perception and Empathy,0
evaluating_information_essentiality_task,55,Episodic Memory,0
evaluating_information_essentiality_task,55,Functional Perception,2
evaluating_information_essentiality_task,55,Inhibitory Control,3
evaluating_information_essentiality_task,55,Language,2
evaluating_information_essentiality_task,55,Mental Simulation,0
evaluating_information_essentiality_task,55,Metacognition,3
evaluating_information_essentiality_task,55,Object Permanence,0
evaluating_information_essentiality_task,55,Perception and Pattern Recognition,2
evaluating_information_essentiality_task,55,Planning,1
evaluating_information_essentiality_task,55,Procedural Memory,0
evaluating_information_essentiality_task,55,Prospective Memory,0
evaluating_information_essentiality_task,55,Semantic Memory,0
evaluating_information_essentiality_task,55,Spatial Reasoning and Navigation,0
evaluating_information_essentiality_task,55,Theory of Mind,0
evaluating_information_essentiality_task,55,Working Memory,3
evaluating_information_essentiality_task,55,ambiguity,5
evaluating_information_essentiality_task,55,factuality,5
evaluating_information_essentiality_task,56,Causal Reasoning,0
evaluating_information_essentiality_task,56,Cognitive Flexibility,0
evaluating_information_essentiality_task,56,Emotion Perception and Empathy,0
evaluating_information_essentiality_task,56,Episodic Memory,0
evaluating_information_essentiality_task,56,Functional Perception,0
evaluating_information_essentiality_task,56,Inhibitory Control,1
evaluating_information_essentiality_task,56,Language,1
evaluating_information_essentiality_task,56,Mental Simulation,0
evaluating_information_essentiality_task,56,Metacognition,2
evaluating_information_essentiality_task,56,Object Permanence,0
evaluating_information_essentiality_task,56,Perception and Pattern Recognition,1
evaluating_information_essentiality_task,56,Planning,0
evaluating_information_essentiality_task,56,Procedural Memory,0
evaluating_information_essentiality_task,56,Prospective Memory,0
evaluating_information_essentiality_task,56,Semantic Memory,1
evaluating_information_essentiality_task,56,Spatial Reasoning and Navigation,0
evaluating_information_essentiality_task,56,Theory of Mind,0
evaluating_information_essentiality_task,56,Working Memory,2
evaluating_information_essentiality_task,56,ambiguity,5
evaluating_information_essentiality_task,56,factuality,5
evaluating_information_essentiality_task,57,Causal Reasoning,0
evaluating_information_essentiality_task,57,Cognitive Flexibility,1
evaluating_information_essentiality_task,57,Emotion Perception and Empathy,0
evaluating_information_essentiality_task,57,Episodic Memory,0
evaluating_information_essentiality_task,57,Functional Perception,1
evaluating_information_essentiality_task,57,Inhibitory Control,1
evaluating_information_essentiality_task,57,Language,1
evaluating_information_essentiality_task,57,Mental Simulation,1
evaluating_information_essentiality_task,57,Metacognition,1
evaluating_information_essentiality_task,57,Object Permanence,0
evaluating_information_essentiality_task,57,Perception and Pattern Recognition,1
evaluating_information_essentiality_task,57,Planning,0
evaluating_information_essentiality_task,57,Procedural Memory,1
evaluating_information_essentiality_task,57,Prospective Memory,0
evaluating_information_essentiality_task,57,Semantic Memory,0
evaluating_information_essentiality_task,57,Spatial Reasoning and Navigation,0
evaluating_information_essentiality_task,57,Theory of Mind,0
evaluating_information_essentiality_task,57,Working Memory,3
evaluating_information_essentiality_task,57,ambiguity,5
evaluating_information_essentiality_task,57,factuality,5
evaluating_information_essentiality_task,58,Causal Reasoning,1
evaluating_information_essentiality_task,58,Cognitive Flexibility,2
evaluating_information_essentiality_task,58,Emotion Perception and Empathy,0
evaluating_information_essentiality_task,58,Episodic Memory,0
evaluating_information_essentiality_task,58,Functional Perception,3
evaluating_information_essentiality_task,58,Inhibitory Control,1
evaluating_information_essentiality_task,58,Language,2
evaluating_information_essentiality_task,58,Mental Simulation,0
evaluating_information_essentiality_task,58,Metacognition,2
evaluating_information_essentiality_task,58,Object Permanence,0
evaluating_information_essentiality_task,58,Perception and Pattern Recognition,3
evaluating_information_essentiality_task,58,Planning,1
evaluating_information_essentiality_task,58,Procedural Memory,3
evaluating_information_essentiality_task,58,Prospective Memory,0
evaluating_information_essentiality_task,58,Semantic Memory,2
evaluating_information_essentiality_task,58,Spatial Reasoning and Navigation,0
evaluating_information_essentiality_task,58,Theory of Mind,0
evaluating_information_essentiality_task,58,Working Memory,2
evaluating_information_essentiality_task,58,ambiguity,4
evaluating_information_essentiality_task,58,factuality,5
evaluating_information_essentiality_task,59,Causal Reasoning,1
evaluating_information_essentiality_task,59,Cognitive Flexibility,2
evaluating_information_essentiality_task,59,Emotion Perception and Empathy,0
evaluating_information_essentiality_task,59,Episodic Memory,0
evaluating_information_essentiality_task,59,Functional Perception,2
evaluating_information_essentiality_task,59,Inhibitory Control,3
evaluating_information_essentiality_task,59,Language,2
evaluating_information_essentiality_task,59,Mental Simulation,1
evaluating_information_essentiality_task,59,Metacognition,3
evaluating_information_essentiality_task,59,Object Permanence,0
evaluating_information_essentiality_task,59,Perception and Pattern Recognition,2
evaluating_information_essentiality_task,59,Planning,1
evaluating_information_essentiality_task,59,Procedural Memory,3
evaluating_information_essentiality_task,59,Prospective Memory,0
evaluating_information_essentiality_task,59,Semantic Memory,1
evaluating_information_essentiality_task,59,Spatial Reasoning and Navigation,0
evaluating_information_essentiality_task,59,Theory of Mind,0
evaluating_information_essentiality_task,59,Working Memory,3
evaluating_information_essentiality_task,59,ambiguity,5
evaluating_information_essentiality_task,59,factuality,5
evaluating_information_essentiality_task,5,Causal Reasoning,1
evaluating_information_essentiality_task,5,Cognitive Flexibility,0
evaluating_information_essentiality_task,5,Emotion Perception and Empathy,0
evaluating_information_essentiality_task,5,Episodic Memory,0
evaluating_information_essentiality_task,5,Functional Perception,1
evaluating_information_essentiality_task,5,Inhibitory Control,1
evaluating_information_essentiality_task,5,Language,2
evaluating_information_essentiality_task,5,Mental Simulation,1
evaluating_information_essentiality_task,5,Metacognition,2
evaluating_information_essentiality_task,5,Object Permanence,0
evaluating_information_essentiality_task,5,Perception and Pattern Recognition,1
evaluating_information_essentiality_task,5,Planning,0
evaluating_information_essentiality_task,5,Procedural Memory,0
evaluating_information_essentiality_task,5,Prospective Memory,0
evaluating_information_essentiality_task,5,Semantic Memory,1
evaluating_information_essentiality_task,5,Spatial Reasoning and Navigation,0
evaluating_information_essentiality_task,5,Theory of Mind,0
evaluating_information_essentiality_task,5,Working Memory,1
evaluating_information_essentiality_task,5,ambiguity,5
evaluating_information_essentiality_task,5,factuality,5
evaluating_information_essentiality_task,60,Causal Reasoning,1
evaluating_information_essentiality_task,60,Cognitive Flexibility,1
evaluating_information_essentiality_task,60,Emotion Perception and Empathy,0
evaluating_information_essentiality_task,60,Episodic Memory,0
evaluating_information_essentiality_task,60,Functional Perception,2
evaluating_information_essentiality_task,60,Inhibitory Control,2
evaluating_information_essentiality_task,60,Language,2
evaluating_information_essentiality_task,60,Mental Simulation,1
evaluating_information_essentiality_task,60,Metacognition,2
evaluating_information_essentiality_task,60,Object Permanence,0
evaluating_information_essentiality_task,60,Perception and Pattern Recognition,3
evaluating_information_essentiality_task,60,Planning,1
evaluating_information_essentiality_task,60,Procedural Memory,2
evaluating_information_essentiality_task,60,Prospective Memory,0
evaluating_information_essentiality_task,60,Semantic Memory,2
evaluating_information_essentiality_task,60,Spatial Reasoning and Navigation,1
evaluating_information_essentiality_task,60,Theory of Mind,0
evaluating_information_essentiality_task,60,Working Memory,2
evaluating_information_essentiality_task,60,ambiguity,5
evaluating_information_essentiality_task,60,factuality,5
evaluating_information_essentiality_task,61,Causal Reasoning,1
evaluating_information_essentiality_task,61,Cognitive Flexibility,1
evaluating_information_essentiality_task,61,Emotion Perception and Empathy,0
evaluating_information_essentiality_task,61,Episodic Memory,0
evaluating_information_essentiality_task,61,Functional Perception,1
evaluating_information_essentiality_task,61,Inhibitory Control,1
evaluating_information_essentiality_task,61,Language,2
evaluating_information_essentiality_task,61,Mental Simulation,0
evaluating_information_essentiality_task,61,Metacognition,2
evaluating_information_essentiality_task,61,Object Permanence,0
evaluating_information_essentiality_task,61,Perception and Pattern Recognition,1
evaluating_information_essentiality_task,61,Planning,0
evaluating_information_essentiality_task,61,Procedural Memory,0
evaluating_information_essentiality_task,61,Prospective Memory,0
evaluating_information_essentiality_task,61,Semantic Memory,1
evaluating_information_essentiality_task,61,Spatial Reasoning and Navigation,0
evaluating_information_essentiality_task,61,Theory of Mind,0
evaluating_information_essentiality_task,61,Working Memory,1
evaluating_information_essentiality_task,61,ambiguity,5
evaluating_information_essentiality_task,61,factuality,5
evaluating_information_essentiality_task,62,Causal Reasoning,1
evaluating_information_essentiality_task,62,Cognitive Flexibility,2
evaluating_information_essentiality_task,62,Emotion Perception and Empathy,0
evaluating_information_essentiality_task,62,Episodic Memory,0
evaluating_information_essentiality_task,62,Functional Perception,3
evaluating_information_essentiality_task,62,Inhibitory Control,3
evaluating_information_essentiality_task,62,Language,2
evaluating_information_essentiality_task,62,Mental Simulation,2
evaluating_information_essentiality_task,62,Metacognition,3
evaluating_information_essentiality_task,62,Object Permanence,0
evaluating_information_essentiality_task,62,Perception and Pattern Recognition,3
evaluating_information_essentiality_task,62,Planning,1
evaluating_information_essentiality_task,62,Procedural Memory,2
evaluating_information_essentiality_task,62,Prospective Memory,0
evaluating_information_essentiality_task,62,Semantic Memory,3
evaluating_information_essentiality_task,62,Spatial Reasoning and Navigation,0
evaluating_information_essentiality_task,62,Theory of Mind,0
evaluating_information_essentiality_task,62,Working Memory,3
evaluating_information_essentiality_task,62,ambiguity,5
evaluating_information_essentiality_task,62,factuality,5
evaluating_information_essentiality_task,63,Causal Reasoning,0
evaluating_information_essentiality_task,63,Cognitive Flexibility,0
evaluating_information_essentiality_task,63,Emotion Perception and Empathy,0
evaluating_information_essentiality_task,63,Episodic Memory,0
evaluating_information_essentiality_task,63,Functional Perception,0
evaluating_information_essentiality_task,63,Inhibitory Control,1
evaluating_information_essentiality_task,63,Language,2
evaluating_information_essentiality_task,63,Mental Simulation,0
evaluating_information_essentiality_task,63,Metacognition,2
evaluating_information_essentiality_task,63,Object Permanence,0
evaluating_information_essentiality_task,63,Perception and Pattern Recognition,1
evaluating_information_essentiality_task,63,Planning,0
evaluating_information_essentiality_task,63,Procedural Memory,0
evaluating_information_essentiality_task,63,Prospective Memory,0
evaluating_information_essentiality_task,63,Semantic Memory,1
evaluating_information_essentiality_task,63,Spatial Reasoning and Navigation,0
evaluating_information_essentiality_task,63,Theory of Mind,0
evaluating_information_essentiality_task,63,Working Memory,2
evaluating_information_essentiality_task,63,ambiguity,4
evaluating_information_essentiality_task,63,factuality,5
evaluating_information_essentiality_task,64,Causal Reasoning,0
evaluating_information_essentiality_task,64,Cognitive Flexibility,0
evaluating_information_essentiality_task,64,Emotion Perception and Empathy,0
evaluating_information_essentiality_task,64,Episodic Memory,0
evaluating_information_essentiality_task,64,Functional Perception,1
evaluating_information_essentiality_task,64,Inhibitory Control,1
evaluating_information_essentiality_task,64,Language,1
evaluating_information_essentiality_task,64,Mental Simulation,0
evaluating_information_essentiality_task,64,Metacognition,1
evaluating_information_essentiality_task,64,Object Permanence,0
evaluating_information_essentiality_task,64,Perception and Pattern Recognition,1
evaluating_information_essentiality_task,64,Planning,0
evaluating_information_essentiality_task,64,Procedural Memory,1
evaluating_information_essentiality_task,64,Prospective Memory,0
evaluating_information_essentiality_task,64,Semantic Memory,1
evaluating_information_essentiality_task,64,Spatial Reasoning and Navigation,0
evaluating_information_essentiality_task,64,Theory of Mind,0
evaluating_information_essentiality_task,64,Working Memory,1
evaluating_information_essentiality_task,64,ambiguity,5
evaluating_information_essentiality_task,64,factuality,5
evaluating_information_essentiality_task,65,Causal Reasoning,2
evaluating_information_essentiality_task,65,Cognitive Flexibility,3
evaluating_information_essentiality_task,65,Emotion Perception and Empathy,0
evaluating_information_essentiality_task,65,Episodic Memory,0
evaluating_information_essentiality_task,65,Functional Perception,3
evaluating_information_essentiality_task,65,Inhibitory Control,2
evaluating_information_essentiality_task,65,Language,2
evaluating_information_essentiality_task,65,Mental Simulation,1
evaluating_information_essentiality_task,65,Metacognition,2
evaluating_information_essentiality_task,65,Object Permanence,0
evaluating_information_essentiality_task,65,Perception and Pattern Recognition,3
evaluating_information_essentiality_task,65,Planning,1
evaluating_information_essentiality_task,65,Procedural Memory,3
evaluating_information_essentiality_task,65,Prospective Memory,0
evaluating_information_essentiality_task,65,Semantic Memory,1
evaluating_information_essentiality_task,65,Spatial Reasoning and Navigation,0
evaluating_information_essentiality_task,65,Theory of Mind,0
evaluating_information_essentiality_task,65,Working Memory,3
evaluating_information_essentiality_task,65,ambiguity,5
evaluating_information_essentiality_task,65,factuality,5
evaluating_information_essentiality_task,66,Causal Reasoning,0
evaluating_information_essentiality_task,66,Cognitive Flexibility,2
evaluating_information_essentiality_task,66,Emotion Perception and Empathy,0
evaluating_information_essentiality_task,66,Episodic Memory,0
evaluating_information_essentiality_task,66,Functional Perception,2
evaluating_information_essentiality_task,66,Inhibitory Control,1
evaluating_information_essentiality_task,66,Language,2
evaluating_information_essentiality_task,66,Mental Simulation,0
evaluating_information_essentiality_task,66,Metacognition,2
evaluating_information_essentiality_task,66,Object Permanence,0
evaluating_information_essentiality_task,66,Perception and Pattern Recognition,1
evaluating_information_essentiality_task,66,Planning,1
evaluating_information_essentiality_task,66,Procedural Memory,1
evaluating_information_essentiality_task,66,Prospective Memory,0
evaluating_information_essentiality_task,66,Semantic Memory,2
evaluating_information_essentiality_task,66,Spatial Reasoning and Navigation,0
evaluating_information_essentiality_task,66,Theory of Mind,0
evaluating_information_essentiality_task,66,Working Memory,2
evaluating_information_essentiality_task,66,ambiguity,5
evaluating_information_essentiality_task,66,factuality,5
evaluating_information_essentiality_task,67,Causal Reasoning,0
evaluating_information_essentiality_task,67,Cognitive Flexibility,3
evaluating_information_essentiality_task,67,Emotion Perception and Empathy,0
evaluating_information_essentiality_task,67,Episodic Memory,0
evaluating_information_essentiality_task,67,Functional Perception,3
evaluating_information_essentiality_task,67,Inhibitory Control,2
evaluating_information_essentiality_task,67,Language,1
evaluating_information_essentiality_task,67,Mental Simulation,2
evaluating_information_essentiality_task,67,Metacognition,3
evaluating_information_essentiality_task,67,Object Permanence,0
evaluating_information_essentiality_task,67,Perception and Pattern Recognition,3
evaluating_information_essentiality_task,67,Planning,1
evaluating_information_essentiality_task,67,Procedural Memory,2
evaluating_information_essentiality_task,67,Prospective Memory,1
evaluating_information_essentiality_task,67,Semantic Memory,0
evaluating_information_essentiality_task,67,Spatial Reasoning and Navigation,0
evaluating_information_essentiality_task,67,Theory of Mind,0
evaluating_information_essentiality_task,67,Working Memory,3
evaluating_information_essentiality_task,67,ambiguity,5
evaluating_information_essentiality_task,67,factuality,5
evaluating_information_essentiality_task,6,Causal Reasoning,0
evaluating_information_essentiality_task,6,Cognitive Flexibility,0
evaluating_information_essentiality_task,6,Emotion Perception and Empathy,0
evaluating_information_essentiality_task,6,Episodic Memory,0
evaluating_information_essentiality_task,6,Functional Perception,2
evaluating_information_essentiality_task,6,Inhibitory Control,2
evaluating_information_essentiality_task,6,Language,2
evaluating_information_essentiality_task,6,Mental Simulation,0
evaluating_information_essentiality_task,6,Metacognition,2
evaluating_information_essentiality_task,6,Object Permanence,0
evaluating_information_essentiality_task,6,Perception and Pattern Recognition,1
evaluating_information_essentiality_task,6,Planning,0
evaluating_information_essentiality_task,6,Procedural Memory,0
evaluating_information_essentiality_task,6,Prospective Memory,0
evaluating_information_essentiality_task,6,Semantic Memory,2
evaluating_information_essentiality_task,6,Spatial Reasoning and Navigation,0
evaluating_information_essentiality_task,6,Theory of Mind,0
evaluating_information_essentiality_task,6,Working Memory,2
evaluating_information_essentiality_task,6,ambiguity,5
evaluating_information_essentiality_task,6,factuality,5
evaluating_information_essentiality_task,7,Causal Reasoning,1
evaluating_information_essentiality_task,7,Cognitive Flexibility,1
evaluating_information_essentiality_task,7,Emotion Perception and Empathy,0
evaluating_information_essentiality_task,7,Episodic Memory,0
evaluating_information_essentiality_task,7,Functional Perception,3
evaluating_information_essentiality_task,7,Inhibitory Control,1
evaluating_information_essentiality_task,7,Language,2
evaluating_information_essentiality_task,7,Mental Simulation,1
evaluating_information_essentiality_task,7,Metacognition,2
evaluating_information_essentiality_task,7,Object Permanence,0
evaluating_information_essentiality_task,7,Perception and Pattern Recognition,2
evaluating_information_essentiality_task,7,Planning,1
evaluating_information_essentiality_task,7,Procedural Memory,0
evaluating_information_essentiality_task,7,Prospective Memory,0
evaluating_information_essentiality_task,7,Semantic Memory,2
evaluating_information_essentiality_task,7,Spatial Reasoning and Navigation,0
evaluating_information_essentiality_task,7,Theory of Mind,0
evaluating_information_essentiality_task,7,Working Memory,2
evaluating_information_essentiality_task,7,ambiguity,5
evaluating_information_essentiality_task,7,factuality,5
evaluating_information_essentiality_task,8,Causal Reasoning,1
evaluating_information_essentiality_task,8,Cognitive Flexibility,2
evaluating_information_essentiality_task,8,Emotion Perception and Empathy,0
evaluating_information_essentiality_task,8,Episodic Memory,0
evaluating_information_essentiality_task,8,Functional Perception,2
evaluating_information_essentiality_task,8,Inhibitory Control,2
evaluating_information_essentiality_task,8,Language,1
evaluating_information_essentiality_task,8,Mental Simulation,1
evaluating_information_essentiality_task,8,Metacognition,1
evaluating_information_essentiality_task,8,Object Permanence,0
evaluating_information_essentiality_task,8,Perception and Pattern Recognition,1
evaluating_information_essentiality_task,8,Planning,1
evaluating_information_essentiality_task,8,Procedural Memory,1
evaluating_information_essentiality_task,8,Prospective Memory,0
evaluating_information_essentiality_task,8,Semantic Memory,2
evaluating_information_essentiality_task,8,Spatial Reasoning and Navigation,0
evaluating_information_essentiality_task,8,Theory of Mind,0
evaluating_information_essentiality_task,8,Working Memory,2
evaluating_information_essentiality_task,8,ambiguity,5
evaluating_information_essentiality_task,8,factuality,2
evaluating_information_essentiality_task,9,Causal Reasoning,0
evaluating_information_essentiality_task,9,Cognitive Flexibility,0
evaluating_information_essentiality_task,9,Emotion Perception and Empathy,0
evaluating_information_essentiality_task,9,Episodic Memory,0
evaluating_information_essentiality_task,9,Functional Perception,0
evaluating_information_essentiality_task,9,Inhibitory Control,2
evaluating_information_essentiality_task,9,Language,1
evaluating_information_essentiality_task,9,Mental Simulation,0
evaluating_information_essentiality_task,9,Metacognition,2
evaluating_information_essentiality_task,9,Object Permanence,0
evaluating_information_essentiality_task,9,Perception and Pattern Recognition,2
evaluating_information_essentiality_task,9,Planning,0
evaluating_information_essentiality_task,9,Procedural Memory,2
evaluating_information_essentiality_task,9,Prospective Memory,0
evaluating_information_essentiality_task,9,Semantic Memory,1
evaluating_information_essentiality_task,9,Spatial Reasoning and Navigation,0
evaluating_information_essentiality_task,9,Theory of Mind,0
evaluating_information_essentiality_task,9,Working Memory,3
evaluating_information_essentiality_task,9,ambiguity,4
evaluating_information_essentiality_task,9,factuality,5
